,importance,stddev,p_value,n,p99_high,p99_low
age,0.039999999999999994,0.0547722557505166,0.08890390417811055,5,0.15277683162333872,-0.07277683162333873
monthly_charge,0.039999999999999994,0.0547722557505166,0.08890390417811055,5,0.15277683162333872,-0.07277683162333873
contract_type,0.0,0.0,0.5,5,0.0,0.0
